Core Number,L1 Cache Size (KB),L1 Associativity,L2 Cache Size (KB),L2 Associativity,L2 latency (cycles),BCE,試行数,平均(正規化),標準偏差(正規化),スコア
16,8,4,1024,64,3,112,3,1.001781826041696,0.0015744163369900577,1.003356242378686
16,8,4,1024,32,2,112,3,1.0015614434302933,0.0027044993544127344,1.004265942784706
16,8,4,1024,8,2,112,3,1.0062619639244366,0.004370088146557733,1.0106320520709944
16,8,4,1024,16,2,112,3,1.0051981233723681,0.005868460428803464,1.0110665838011716
16,8,4,1024,2,2,112,3,1.0183328537835574,0.019698274013733145,1.0380311277972907
16,8,4,1024,4,2,112,3,1.017133300268804,0.02184097018880186,1.038974270457606
16,8,2,1024,8,2,112,3,1.0247270690842571,0.015150937320101893,1.0398780064043591
16,8,2,1024,32,2,112,3,1.020483475044243,0.019901700333117372,1.0403851753773605
16,8,2,1024,64,3,112,3,1.0203262300946843,0.020579778362806812,1.040906008457491
16,8,2,1024,16,2,112,3,1.023427708494765,0.017808660918089695,1.0412363694128546
16,8,2,1024,2,2,112,3,1.0355018738607094,0.013220241474523001,1.0487221153352324
16,8,2,1024,4,2,112,3,1.0359031126700389,0.01493157182929801,1.0508346844993368
8,8,2,1024,2,2,72,1,1.2608710340957912,,
8,8,2,1024,4,2,72,1,1.249042899628964,,
8,8,2,1024,8,2,72,1,1.246624276310822,,
8,8,2,1024,16,2,72,1,1.245854057533684,,
8,8,2,1024,32,2,72,1,1.2445753457945485,,
8,8,2,1024,64,3,72,1,1.2515860767564886,,
8,8,2,2048,2,3,104,1,1.246972701346219,,
8,8,2,2048,4,3,104,1,1.23865649585767,,
8,8,2,2048,8,3,104,1,1.2368954433861215,,
8,8,2,2048,16,3,104,1,1.2373757489255708,,
8,8,2,2048,32,3,104,1,1.2364424094323867,,
8,8,2,2048,64,3,104,1,1.2365444743595198,,
8,8,4,1024,2,2,72,1,1.2519977962930589,,
8,8,4,1024,4,2,72,1,1.2403747075173313,,
8,8,4,1024,8,2,72,1,1.238882300517,,
8,8,4,1024,16,2,72,1,1.2377715939570237,,
8,8,4,1024,32,2,72,1,1.236403740766075,,
8,8,4,1024,64,3,72,1,1.2429038418134057,,
8,8,4,2048,2,3,104,1,1.2372523144723182,,
8,8,4,2048,4,3,104,1,1.2281855298187314,,
8,8,4,2048,8,3,104,1,1.2273874288979898,,
8,8,4,2048,16,3,104,1,1.2272809883059848,,
8,8,4,2048,32,3,104,1,1.2265814924843377,,
8,8,4,2048,64,3,104,1,1.2268812764079007,,
8,8,8,2048,8,2,104,1,1.3822191545442093,,
8,8,8,2048,16,2,104,1,1.3814113477068157,,
8,8,8,2048,32,2,104,1,1.3804510301027426,,
8,8,16,2048,8,2,104,1,1.3816977561794055,,
8,8,16,2048,16,2,104,1,1.3817383559182088,,
8,8,16,2048,32,2,104,1,1.3812477854353045,,
8,16,2,1024,2,2,104,1,1.2397941687244163,,
8,16,2,1024,4,2,104,1,1.2275364050229376,,
8,16,2,1024,8,2,104,1,1.224908462108472,,
8,16,2,1024,16,2,104,1,1.224286710658041,,
8,16,2,1024,32,2,104,1,1.2215037877993846,,
8,16,2,1024,64,3,104,1,1.227638164671126,,
8,16,4,1024,4,2,104,1,1.3780878693748029,,
8,16,4,1024,8,2,104,1,1.3769926070801515,,
8,16,4,1024,16,2,104,1,1.375797997573643,,
8,16,4,1024,32,2,104,1,1.3730877032623532,,
8,16,4,1024,64,2,104,1,1.3754000270680664,,
16,8,8,1024,2,2,112,1,1.1295760538381805,,
16,8,8,1024,4,2,112,1,1.124890099457845,,
16,8,8,1024,8,2,112,1,1.1242977387988575,,
16,8,8,1024,16,2,112,1,1.1231749059079412,,
16,8,8,1024,32,2,112,1,1.1231458230004892,,
16,8,8,1024,64,2,112,1,1.1217368143002426,,
16,8,16,1024,2,2,112,1,1.140129310299562,,
16,8,16,1024,4,2,112,1,1.1366514598947928,,
16,8,16,1024,8,2,112,1,1.1354145056750338,,
16,8,16,1024,16,2,112,1,1.1344354586785614,,
16,8,16,1024,32,2,112,1,1.1332807509210774,,
16,8,16,1024,64,2,112,1,1.1331288218125468,,
